method	ndcg
ae.tsv	0.07673345117016106
vae.tsv	0.031924052942927945
